{"timestamp":"2026-02-15T09:00:53.120309455+05:30","uptime":"15.055280709s","uptime_seconds":15.055280709,"goroutines":23,"num_cpu":20,"gomaxprocs":20,"cgo_calls":17,"memory":{"alloc_bytes":1461768,"alloc_mb":1.3940505981445312,"total_alloc_bytes":424937256,"total_alloc_mb":405.25174713134766,"sys_bytes":20797704,"sys_mb":19.83423614501953,"heap_alloc_bytes":1461768,"heap_alloc_mb":1.3940505981445312,"heap_sys_bytes":11403264,"heap_sys_mb":10.875,"heap_objects":6135,"stack_inuse_bytes":1179648,"stack_sys_bytes":1179648,"mspan_inuse":304800,"mcache_inuse":24160},"gc":{"num_gc":163,"pause_total_ns":5980117,"pause_total_ms":5.980117,"last_pause_ns":34918,"last_pause_ms":0.034918,"next_gc_bytes":4194304,"gc_cpu_fraction":0.0007468728125957785}}
