{"timestamp":"2026-02-15T09:01:03.286554544+05:30","uptime":"25.221525801s","uptime_seconds":25.221525801,"goroutines":23,"num_cpu":20,"gomaxprocs":20,"cgo_calls":23,"memory":{"alloc_bytes":4594344,"alloc_mb":4.381507873535156,"total_alloc_bytes":724722496,"total_alloc_mb":691.1492309570312,"sys_bytes":20797704,"sys_mb":19.83423614501953,"heap_alloc_bytes":4594344,"heap_alloc_mb":4.381507873535156,"heap_sys_bytes":11239424,"heap_sys_mb":10.71875,"heap_objects":10823,"stack_inuse_bytes":1343488,"stack_sys_bytes":1343488,"mspan_inuse":313120,"mcache_inuse":24160},"gc":{"num_gc":283,"pause_total_ns":10740061,"pause_total_ms":10.740061,"last_pause_ns":42156,"last_pause_ms":0.042156,"next_gc_bytes":5887170,"gc_cpu_fraction":0.0008136467361374682}}
