{"timestamp":"2026-02-15T09:00:48.105166778+05:30","uptime":"10.040138038s","uptime_seconds":10.040138038,"goroutines":23,"num_cpu":20,"gomaxprocs":20,"cgo_calls":15,"memory":{"alloc_bytes":2227808,"alloc_mb":2.124603271484375,"total_alloc_bytes":274317808,"total_alloc_mb":261.60984802246094,"sys_bytes":20535560,"sys_mb":19.58423614501953,"heap_alloc_bytes":2227808,"heap_alloc_mb":2.124603271484375,"heap_sys_bytes":11436032,"heap_sys_mb":10.90625,"heap_objects":7567,"stack_inuse_bytes":1146880,"stack_sys_bytes":1146880,"mspan_inuse":310080,"mcache_inuse":24160},"gc":{"num_gc":104,"pause_total_ns":3775252,"pause_total_ms":3.775252,"last_pause_ns":30005,"last_pause_ms":0.030005,"next_gc_bytes":4194304,"gc_cpu_fraction":0.0006953298569856958}}
