{"timestamp":"2026-02-15T09:00:43.077740418+05:30","uptime":"5.01271167s","uptime_seconds":5.01271167,"goroutines":23,"num_cpu":20,"gomaxprocs":20,"cgo_calls":9,"memory":{"alloc_bytes":1500192,"alloc_mb":1.430694580078125,"total_alloc_bytes":119469936,"total_alloc_mb":113.93540954589844,"sys_bytes":20273416,"sys_mb":19.33423614501953,"heap_alloc_bytes":1500192,"heap_alloc_mb":1.430694580078125,"heap_sys_bytes":11501568,"heap_sys_mb":10.96875,"heap_objects":5057,"stack_inuse_bytes":1081344,"stack_sys_bytes":1081344,"mspan_inuse":259520,"mcache_inuse":24160},"gc":{"num_gc":44,"pause_total_ns":1615319,"pause_total_ms":1.615319,"last_pause_ns":27862,"last_pause_ms":0.027862,"next_gc_bytes":4194304,"gc_cpu_fraction":0.0005800564843586395}}
