{"timestamp":"2026-02-15T09:00:58.135011333+05:30","uptime":"20.069982594s","uptime_seconds":20.069982594,"goroutines":24,"num_cpu":20,"gomaxprocs":20,"cgo_calls":21,"memory":{"alloc_bytes":2846456,"alloc_mb":2.7145919799804688,"total_alloc_bytes":571824528,"total_alloc_mb":545.3343658447266,"sys_bytes":20797704,"sys_mb":19.83423614501953,"heap_alloc_bytes":2846456,"heap_alloc_mb":2.7145919799804688,"heap_sys_bytes":11370496,"heap_sys_mb":10.84375,"heap_objects":14875,"stack_inuse_bytes":1212416,"stack_sys_bytes":1212416,"mspan_inuse":340000,"mcache_inuse":24160},"gc":{"num_gc":221,"pause_total_ns":8369965,"pause_total_ms":8.369965,"last_pause_ns":31726,"last_pause_ms":0.031726,"next_gc_bytes":4194304,"gc_cpu_fraction":0.0007787961099834605}}
